article_id,category,title_en,title_hi,url_en,url_hi,languages,india_specific,date_retrieved
GJ2P83PMNC54XKV9,Account Access,Can I Watch Prime Video If I Travel Abroad?,क्या विदेश यात्रा के दौरान Prime Video देखा जा सकता है?,https://www.primevideo.com/help?nodeId=GJ2P83PMNC54XKV9,https://www.primevideo.com/-/hi/help?nodeId=GJ2P83PMNC54XKV9,en+hi,no,2026-10-01
GDCTD7L6N6R96WVK,Account Access,Issues during Sign In or Sign Out on Prime Video,Prime Video पर साइन इन या साइन आउट के दौरान समस्याएं,https://www.primevideo.com/help?nodeId=GDCTD7L6N6R96WVK,https://www.primevideo.com/-/hi/help?nodeId=GDCTD7L6N6R96WVK,en+hi,no,2026-10-01
GA4PSHZYE4VADLYL,Account Access,Issues with Prime Video PIN Errors,Prime Video PIN से जुड़ी गड़बड़ियों वाली समस्याएं,https://www.primevideo.com/help?nodeId=GA4PSHZYE4VADLYL,https://www.primevideo.com/-/hi/help?nodeId=GA4PSHZYE4VADLYL,en+hi,no,2026-10-01
T0C8C83ChMx3i0D5jV,Account Access,Reset Your Prime Video Profile or Account PIN,अपना Prime Video प्रोफ़ाइल या अकाउंट PIN रीसेट करना,https://www.primevideo.com/help?nodeId=T0C8C83ChMx3i0D5jV,https://www.primevideo.com/-/hi/help?nodeId=T0C8C83ChMx3i0D5jV,en+hi,no,2026-10-01
GSUW4Y2CS69S8ZYD,Billing & plans,Issues with Prime Video Payment and Order Errors,Prime Video भुगतान के साथ समस्याएं और ऑर्डर गड़बड़ी,https://www.primevideo.com/help?nodeId=GSUW4Y2CS69S8ZYD,https://www.primevideo.com/-/hi/help?nodeId=GSUW4Y2CS69S8ZYD,en+hi,no,2026-10-01
G8P3YMHU34R3XX4N,Billing & plans,Paying for Prime Video Subscriptions in Local Currencies,Prime Video की सदस्यता के लिए स्थानीय मुद्रा में भुगतान करना,https://www.primevideo.com/help?nodeId=G8P3YMHU34R3XX4N,https://www.primevideo.com/-/hi/help?nodeId=G8P3YMHU34R3XX4N,en+hi,no,2026-10-01
TtmpPpt4SHTjHQsAEX,Billing & plans,Prime Video Accepted Payment Methods,Prime Video पर स्वीकार किए जाने वाले पेमेंट के तरीके,https://www.primevideo.com/help?nodeId=TtmpPpt4SHTjHQsAEX,https://www.primevideo.com/-/hi/help?nodeId=TtmpPpt4SHTjHQsAEX,en+hi,mentions,2026-10-01
GENY3HHV8GU34P3K,Billing & plans,Unknown Charges on Prime Video,Prime Video पर अनजान शुल्क,https://www.primevideo.com/help?nodeId=GENY3HHV8GU34P3K,https://www.primevideo.com/-/hi/help?nodeId=GENY3HHV8GU34P3K,en+hi,no,2026-10-01
G46D9B5G2EAGM65W,Billing & plans,What is Prime Video Mobile Edition?,Prime Video Mobile Edition क्या है?,https://www.primevideo.com/help?nodeId=G46D9B5G2EAGM65W,https://www.primevideo.com/-/hi/help?nodeId=G46D9B5G2EAGM65W,en+hi,yes,2026-10-01
G3BQ95AL4WZLV9ZG,Channels/Subscriptions,Cancel Your Prime Video Add-On Subscription,अपना Prime Video ऐड-ऑन सब्सक्रिप्शन कैंसल करना,https://www.primevideo.com/help?nodeId=G3BQ95AL4WZLV9ZG,https://www.primevideo.com/-/hi/help?nodeId=G3BQ95AL4WZLV9ZG,en+hi,no,2026-10-01
GZS9UJHDL6F8UVB3,Channels/Subscriptions,Issues Accessing Content from External Providers,बाहरी प्रदाताओं के कॉन्टेंट ऐक्सेस करने में समस्याएं,https://www.primevideo.com/help?nodeId=GZS9UJHDL6F8UVB3,https://www.primevideo.com/-/hi/help?nodeId=GZS9UJHDL6F8UVB3,en+hi,no,2026-10-01
GGQ38JL9EK3QN6KN,Channels/Subscriptions,What Is Included with Prime Video Add-On Subscriptions?,Prime Video ऐड-ऑन सब्सक्रिप्शन क्या-क्या शामिल है?,https://www.primevideo.com/help?nodeId=GGQ38JL9EK3QN6KN,https://www.primevideo.com/-/hi/help?nodeId=GGQ38JL9EK3QN6KN,en+hi,no,2026-10-01
ThlENNbZ5gxXv9QGjr,Devices,Devices Limit Reached in India,भारत में इससे ज़्यादा डिवाइसों की अनुमति नहीं है,https://www.primevideo.com/help?nodeId=ThlENNbZ5gxXv9QGjr,https://www.primevideo.com/-/hi/help?nodeId=ThlENNbZ5gxXv9QGjr,en+hi,yes,2026-10-01
GQHPEUU6QMLL7CU9,Devices,Force Stop the Prime Video App on an Android Device,Android डिवाइस पर Prime Video ऐप ज़बरदस्ती बंद करना,https://www.primevideo.com/help?nodeId=GQHPEUU6QMLL7CU9,https://www.primevideo.com/-/hi/help?nodeId=GQHPEUU6QMLL7CU9,en+hi,no,2026-10-01
G2LNVKHJN98SBHQ4,Devices,Force Stop the Prime Video App on an iOS Device,iOS डिवाइस पर Prime Video ऐप ज़बरदस्ती बंद करना,https://www.primevideo.com/help?nodeId=G2LNVKHJN98SBHQ4,https://www.primevideo.com/-/hi/help?nodeId=G2LNVKHJN98SBHQ4,en+hi,no,2026-10-01
GQDJBTL3CFLLKPBV,Devices,Install Prime Video on Your Devices,अपनी डिवाइसों पर Prime Video इंस्टॉल करें,https://www.primevideo.com/help?nodeId=GQDJBTL3CFLLKPBV,https://www.primevideo.com/-/hi/help?nodeId=GQDJBTL3CFLLKPBV,en+hi,no,2026-10-01
G202095500,Downloads,Amazon Prime Video Usage Rules,Amazon Prime Video उपयोग के नियम,https://www.primevideo.com/help?nodeId=G202095500,https://www.primevideo.com/-/hi/help?nodeId=G202095500,en+hi,no,2026-10-01
GMF637NHNEF9D8GT,Downloads,Download Prime Video Titles,Prime Video शीर्षक डाउनलोड करना,https://www.primevideo.com/help?nodeId=GMF637NHNEF9D8GT,https://www.primevideo.com/-/hi/help?nodeId=GMF637NHNEF9D8GT,en+hi,no,2026-10-01
G7YSAVDEETUWU27Q,Parental controls & profiles,Create and Manage Prime Video Profiles on Connected Devices,कनेक्ट किए गए डिवाइसेज़ पर Prime Video प्रोफ़ाइल्स बनाना और मैनेज करना,https://www.primevideo.com/help?nodeId=G7YSAVDEETUWU27Q,https://www.primevideo.com/-/hi/help?nodeId=G7YSAVDEETUWU27Q,en+hi,no,2026-10-01
G36R57HJZELY4ZV4,Parental controls & profiles,Create and Manage Prime Video Profiles on Fire TV,Fire TV पर Prime Video प्रोफ़ाइल्स बनाना और मैनेज करना,https://www.primevideo.com/help?nodeId=G36R57HJZELY4ZV4,https://www.primevideo.com/-/hi/help?nodeId=G36R57HJZELY4ZV4,en+hi,no,2026-10-01
G5K5H8YYNEXNYEXH,Parental controls & profiles,"Create and Manage Prime Video Profiles on iOS, Android Devices, and Fire Tablets","iOS, Android डिवाइसों और Fire टैबलेट पर Prime Video प्रोफ़ाइल बनाना और उन्हें मैनेज
      करना",https://www.primevideo.com/help?nodeId=G5K5H8YYNEXNYEXH,https://www.primevideo.com/-/hi/help?nodeId=G5K5H8YYNEXNYEXH,en+hi,no,2026-10-01
GYKZXYTPAKNP7UU4,Parental controls & profiles,Create and Manage Prime Video Profiles via Website,वेबसाइट के ज़रिए Prime Video प्रोफ़ाइल बनाना और मैनेज करना,https://www.primevideo.com/help?nodeId=GYKZXYTPAKNP7UU4,https://www.primevideo.com/-/hi/help?nodeId=GYKZXYTPAKNP7UU4,en+hi,no,2026-10-01
G26NRYUT8ATMMZRB,Parental controls & profiles,Parental Controls on Prime Video,Prime Video पर अभिभावकीय नियंत्रण,https://www.primevideo.com/help?nodeId=G26NRYUT8ATMMZRB,https://www.primevideo.com/-/hi/help?nodeId=G26NRYUT8ATMMZRB,en+hi,no,2026-10-01
G5VD9FKYCXW8RDK9,Parental controls & profiles,Set up a Prime Video Account PIN on Web,वेब पर Prime Video अकाउंट के लिए PIN सेट अप करना,https://www.primevideo.com/help?nodeId=G5VD9FKYCXW8RDK9,https://www.primevideo.com/-/hi/help?nodeId=G5VD9FKYCXW8RDK9,en+hi,no,2026-10-01
GLXEVNQYW2WHZ6JP,Parental controls & profiles,Set up a Prime Video PIN on Android & Android Automotive,Android और Android ऑटोमोटिव पर Prime Video PIN सेट अप करना,https://www.primevideo.com/help?nodeId=GLXEVNQYW2WHZ6JP,https://www.primevideo.com/-/hi/help?nodeId=GLXEVNQYW2WHZ6JP,en+hi,no,2026-10-01
GW6A4BDCD47N99YU,Parental controls & profiles,Set up a Prime Video PIN on iOS,iOS पर Prime Video PIN का सेट अप करना,https://www.primevideo.com/help?nodeId=GW6A4BDCD47N99YU,https://www.primevideo.com/-/hi/help?nodeId=GW6A4BDCD47N99YU,en+hi,no,2026-10-01
GD8VJD2EDJ2GSNEC,Parental controls & profiles,What Are Prime Video Profiles?,Prime Video प्रोफ़ाइल्स क्या हैं?,https://www.primevideo.com/help?nodeId=GD8VJD2EDJ2GSNEC,https://www.primevideo.com/-/hi/help?nodeId=GD8VJD2EDJ2GSNEC,en+hi,no,2026-10-01
G8DVZYELKS6BAWKS,Parental controls & profiles,What Devices Currently Support Prime Video Profiles?,वर्तमान में कौन सी डिवाइसेज़ Prime Video प्रोफ़ाइल्स को सपोर्ट करती हैं?,https://www.primevideo.com/help?nodeId=G8DVZYELKS6BAWKS,https://www.primevideo.com/-/hi/help?nodeId=G8DVZYELKS6BAWKS,en+hi,no,2026-10-01
GU85HKX66NVFNQ9Y,Playback,Issues While Playing Prime Video Titles,Prime Video टाइटल चलाते समय समस्याएं,https://www.primevideo.com/help?nodeId=GU85HKX66NVFNQ9Y,https://www.primevideo.com/-/hi/help?nodeId=GU85HKX66NVFNQ9Y,en+hi,no,2026-10-01
GP57SKQ7CB5DRS6F,Playback,Issues with Live Streams on Prime Video,Prime Video पर लाइव स्ट्रीम से जुड़ी समस्याएं,https://www.primevideo.com/help?nodeId=GP57SKQ7CB5DRS6F,https://www.primevideo.com/-/hi/help?nodeId=GP57SKQ7CB5DRS6F,en+hi,no,2026-10-01
G67ZXAW3XXV42YPB,Playback,Issues with Prime Video Error 2063,Prime Video एरर 2063 से जुड़ी समस्याएं,https://www.primevideo.com/help?nodeId=G67ZXAW3XXV42YPB,https://www.primevideo.com/-/hi/help?nodeId=G67ZXAW3XXV42YPB,en+hi,no,2026-10-01
GHXU2LF9RGW8VV68,Playback,Issues with Prime Video Error 5004,Prime Video एरर 5004 से जुड़ी समस्याएं,https://www.primevideo.com/help?nodeId=GHXU2LF9RGW8VV68,https://www.primevideo.com/-/hi/help?nodeId=GHXU2LF9RGW8VV68,en+hi,no,2026-10-01
G8X362NHQ64MH5SY,Playback,Issues with Prime Video Error 7235,Prime Video एरर 7235 से जुड़ी समस्याएं,https://www.primevideo.com/help?nodeId=G8X362NHQ64MH5SY,https://www.primevideo.com/-/hi/help?nodeId=G8X362NHQ64MH5SY,en+hi,no,2026-10-01
GGXDYRV4GXTSYGKC,Playback,Issues with Prime Video Error 7279,Prime Video गड़बड़ी 7279 से जुड़ी समस्याएं,https://www.primevideo.com/help?nodeId=GGXDYRV4GXTSYGKC,https://www.primevideo.com/-/hi/help?nodeId=GGXDYRV4GXTSYGKC,en+hi,no,2026-10-01
GL8WMKLCYL8NU5FS,Playback,Troubleshoot Internet Connection Issues with Your Connected Device,अपने कनेक्ट किए गए डिवाइस में इंटरनेट कनेक्शन संबंधी समस्याएं दूर करना,https://www.primevideo.com/help?nodeId=GL8WMKLCYL8NU5FS,https://www.primevideo.com/-/hi/help?nodeId=GL8WMKLCYL8NU5FS,en+hi,no,2026-10-01
