qid,language,corpus,answerable,expected,retrieved,retrieved_langs,top_score,hit
EN-B01,en,en,yes,GENY3HHV8GU34P3K,GENY3HHV8GU34P3K;GGQ38JL9EK3QN6KN;GSUW4Y2CS69S8ZYD,en;en;en,0.6179,True
EN-B02,en,en,yes,GSUW4Y2CS69S8ZYD,GSUW4Y2CS69S8ZYD;GSUW4Y2CS69S8ZYD;TtmpPpt4SHTjHQsAEX,en;en;en,0.4555,True
EN-B03,en,en,yes,ThlENNbZ5gxXv9QGjr,G202095500;GQDJBTL3CFLLKPBV;ThlENNbZ5gxXv9QGjr,en;en;en,0.4612,True
EN-B04,en,en,yes,G46D9B5G2EAGM65W;ThlENNbZ5gxXv9QGjr,G46D9B5G2EAGM65W;ThlENNbZ5gxXv9QGjr;GQDJBTL3CFLLKPBV,en;en;en,0.5792,True
EN-B05,en,en,yes,TtmpPpt4SHTjHQsAEX,TtmpPpt4SHTjHQsAEX;TtmpPpt4SHTjHQsAEX;TtmpPpt4SHTjHQsAEX,en;en;en,0.6726,True
EN-P01,en,en,yes,G8X362NHQ64MH5SY,G8X362NHQ64MH5SY;GU85HKX66NVFNQ9Y;GGXDYRV4GXTSYGKC,en;en;en,0.6532,True
EN-P02,en,en,yes,G67ZXAW3XXV42YPB;GSUW4Y2CS69S8ZYD,G67ZXAW3XXV42YPB;GSUW4Y2CS69S8ZYD;GU85HKX66NVFNQ9Y,en;en;en,0.5863,True
EN-P03,en,en,yes,GL8WMKLCYL8NU5FS;GU85HKX66NVFNQ9Y,GU85HKX66NVFNQ9Y;GU85HKX66NVFNQ9Y;GL8WMKLCYL8NU5FS,en;en;en,0.317,True
EN-P04,en,en,partial,GP57SKQ7CB5DRS6F,GP57SKQ7CB5DRS6F;GU85HKX66NVFNQ9Y;GU85HKX66NVFNQ9Y,en;en;en,0.403,True
EN-D01,en,en,yes,ThlENNbZ5gxXv9QGjr,ThlENNbZ5gxXv9QGjr;ThlENNbZ5gxXv9QGjr;G202095500,en;en;en,0.5193,True
EN-D02,en,en,partial,GQDJBTL3CFLLKPBV,GQDJBTL3CFLLKPBV;G202095500;G5VD9FKYCXW8RDK9,en;en;en,0.6199,True
EN-D03,en,en,yes,GQHPEUU6QMLL7CU9,GQHPEUU6QMLL7CU9;G2LNVKHJN98SBHQ4;GL8WMKLCYL8NU5FS,en;en;en,0.3656,True
EN-DL01,en,en,partial,G202095500,G202095500;G202095500;G202095500,en;en;en,0.4645,True
EN-DL02,en,en,yes,G202095500,G202095500;G202095500;G202095500,en;en;en,0.409,True
EN-DL03,en,en,yes,GMF637NHNEF9D8GT,GMF637NHNEF9D8GT;GJ2P83PMNC54XKV9;G202095500,en;en;en,0.3568,True
EN-C01,en,en,yes,G3BQ95AL4WZLV9ZG,G3BQ95AL4WZLV9ZG;GENY3HHV8GU34P3K;GZS9UJHDL6F8UVB3,en;en;en,0.5017,True
EN-C02,en,en,no,,GENY3HHV8GU34P3K;GGQ38JL9EK3QN6KN;G3BQ95AL4WZLV9ZG,en;en;en,0.2591,
EN-PC01,en,en,yes,G26NRYUT8ATMMZRB;G5VD9FKYCXW8RDK9;GLXEVNQYW2WHZ6JP;GW6A4BDCD47N99YU,G26NRYUT8ATMMZRB;GLXEVNQYW2WHZ6JP;GW6A4BDCD47N99YU,en;en;en,0.4347,True
EN-PC02,en,en,yes,G36R57HJZELY4ZV4;G5K5H8YYNEXNYEXH;G7YSAVDEETUWU27Q;GD8VJD2EDJ2GSNEC;GYKZXYTPAKNP7UU4,GYKZXYTPAKNP7UU4;G36R57HJZELY4ZV4;G7YSAVDEETUWU27Q,en;en;en,0.4601,True
EN-A01,en,en,partial,GDCTD7L6N6R96WVK;GQDJBTL3CFLLKPBV,GDCTD7L6N6R96WVK;GU85HKX66NVFNQ9Y;GSUW4Y2CS69S8ZYD,en;en;en,0.4533,True
EN-A02,en,en,yes,GJ2P83PMNC54XKV9,GJ2P83PMNC54XKV9;GL8WMKLCYL8NU5FS;GU85HKX66NVFNQ9Y,en;en;en,0.5304,True
EN-U01,en,en,no,,GMF637NHNEF9D8GT;GQDJBTL3CFLLKPBV;G5VD9FKYCXW8RDK9,en;en;en,0.2648,
EN-U02,en,en,no,,GSUW4Y2CS69S8ZYD;GENY3HHV8GU34P3K;ThlENNbZ5gxXv9QGjr,en;en;en,0.1657,
EN-U03,en,en,no,,GU85HKX66NVFNQ9Y;GSUW4Y2CS69S8ZYD;ThlENNbZ5gxXv9QGjr,en;en;en,0.2101,
EN-U04,en,en,no,,G202095500;ThlENNbZ5gxXv9QGjr;ThlENNbZ5gxXv9QGjr,en;en;en,0.419,
EN-U06,en,en,no,,GDCTD7L6N6R96WVK;GSUW4Y2CS69S8ZYD;GSUW4Y2CS69S8ZYD,en;en;en,0.1654,
EN-U07,en,en,no,,GJ2P83PMNC54XKV9;GU85HKX66NVFNQ9Y;GU85HKX66NVFNQ9Y,en;en;en,0.1358,
EN-DL04,en,en,partial,G202095500,G202095500;GMF637NHNEF9D8GT;G202095500,en;en;en,0.2424,True
EN-U09,en,en,no,,GGQ38JL9EK3QN6KN;G8P3YMHU34R3XX4N;TtmpPpt4SHTjHQsAEX,en;en;en,0.481,
EN-U10,en,en,no,,G36R57HJZELY4ZV4;G26NRYUT8ATMMZRB;G7YSAVDEETUWU27Q,en;en;en,0.367,
HI-B01,hi,en,yes,GENY3HHV8GU34P3K,GENY3HHV8GU34P3K;GSUW4Y2CS69S8ZYD;GDCTD7L6N6R96WVK,en;en;en,0.473,True
HI-B01,hi,hi,yes,GENY3HHV8GU34P3K,GDCTD7L6N6R96WVK;G3BQ95AL4WZLV9ZG;GSUW4Y2CS69S8ZYD,hi;hi;hi,0.5229,False
HI-B01,hi,both,yes,GENY3HHV8GU34P3K,GDCTD7L6N6R96WVK;G3BQ95AL4WZLV9ZG;GENY3HHV8GU34P3K,hi;hi;en,0.5229,True
HI-B02,hi,en,yes,GSUW4Y2CS69S8ZYD,GU85HKX66NVFNQ9Y;GU85HKX66NVFNQ9Y;GSUW4Y2CS69S8ZYD,en;en;en,0.3693,True
HI-B02,hi,hi,yes,GSUW4Y2CS69S8ZYD,GU85HKX66NVFNQ9Y;GU85HKX66NVFNQ9Y;GSUW4Y2CS69S8ZYD,hi;hi;hi,0.3883,True
HI-B02,hi,both,yes,GSUW4Y2CS69S8ZYD,GU85HKX66NVFNQ9Y;GU85HKX66NVFNQ9Y;GU85HKX66NVFNQ9Y,hi;en;en,0.3883,False
HI-B03,hi,en,yes,ThlENNbZ5gxXv9QGjr,GJ2P83PMNC54XKV9;G202095500;ThlENNbZ5gxXv9QGjr,en;en;en,0.3443,True
HI-B03,hi,hi,yes,ThlENNbZ5gxXv9QGjr,GJ2P83PMNC54XKV9;ThlENNbZ5gxXv9QGjr;G202095500,hi;hi;hi,0.3965,True
HI-B03,hi,both,yes,ThlENNbZ5gxXv9QGjr,GJ2P83PMNC54XKV9;GJ2P83PMNC54XKV9;ThlENNbZ5gxXv9QGjr,hi;en;hi,0.3965,True
HI-B04,hi,en,yes,G46D9B5G2EAGM65W;ThlENNbZ5gxXv9QGjr,ThlENNbZ5gxXv9QGjr;GQHPEUU6QMLL7CU9;GQDJBTL3CFLLKPBV,en;en;en,0.3189,True
HI-B04,hi,hi,yes,G46D9B5G2EAGM65W;ThlENNbZ5gxXv9QGjr,G46D9B5G2EAGM65W;ThlENNbZ5gxXv9QGjr;GQDJBTL3CFLLKPBV,hi;hi;hi,0.448,True
HI-B04,hi,both,yes,G46D9B5G2EAGM65W;ThlENNbZ5gxXv9QGjr,G46D9B5G2EAGM65W;ThlENNbZ5gxXv9QGjr;GQDJBTL3CFLLKPBV,hi;hi;hi,0.448,True
HI-B05,hi,en,yes,TtmpPpt4SHTjHQsAEX,TtmpPpt4SHTjHQsAEX;TtmpPpt4SHTjHQsAEX;TtmpPpt4SHTjHQsAEX,en;en;en,0.5484,True
HI-B05,hi,hi,yes,TtmpPpt4SHTjHQsAEX,TtmpPpt4SHTjHQsAEX;TtmpPpt4SHTjHQsAEX;TtmpPpt4SHTjHQsAEX,hi;hi;hi,0.6417,True
HI-B05,hi,both,yes,TtmpPpt4SHTjHQsAEX,TtmpPpt4SHTjHQsAEX;TtmpPpt4SHTjHQsAEX;TtmpPpt4SHTjHQsAEX,hi;hi;en,0.6417,True
HI-P01,hi,en,yes,G8X362NHQ64MH5SY,G8X362NHQ64MH5SY;GGXDYRV4GXTSYGKC;GU85HKX66NVFNQ9Y,en;en;en,0.5561,True
HI-P01,hi,hi,yes,G8X362NHQ64MH5SY,G8X362NHQ64MH5SY;G8X362NHQ64MH5SY;GU85HKX66NVFNQ9Y,hi;hi;hi,0.5083,True
HI-P01,hi,both,yes,G8X362NHQ64MH5SY,G8X362NHQ64MH5SY;G8X362NHQ64MH5SY;G8X362NHQ64MH5SY,en;hi;hi,0.5561,True
HI-P02,hi,en,yes,G67ZXAW3XXV42YPB;GSUW4Y2CS69S8ZYD,G67ZXAW3XXV42YPB;GSUW4Y2CS69S8ZYD;GU85HKX66NVFNQ9Y,en;en;en,0.5483,True
HI-P02,hi,hi,yes,G67ZXAW3XXV42YPB;GSUW4Y2CS69S8ZYD,G67ZXAW3XXV42YPB;GSUW4Y2CS69S8ZYD;GU85HKX66NVFNQ9Y,hi;hi;hi,0.5279,True
HI-P02,hi,both,yes,G67ZXAW3XXV42YPB;GSUW4Y2CS69S8ZYD,G67ZXAW3XXV42YPB;G67ZXAW3XXV42YPB;GSUW4Y2CS69S8ZYD,en;hi;en,0.5483,True
HI-P03,hi,en,yes,GL8WMKLCYL8NU5FS;GU85HKX66NVFNQ9Y,GU85HKX66NVFNQ9Y;GU85HKX66NVFNQ9Y;GU85HKX66NVFNQ9Y,en;en;en,0.3099,True
HI-P03,hi,hi,yes,GL8WMKLCYL8NU5FS;GU85HKX66NVFNQ9Y,G8X362NHQ64MH5SY;GU85HKX66NVFNQ9Y;GA4PSHZYE4VADLYL,hi;hi;hi,0.3179,True
HI-P03,hi,both,yes,GL8WMKLCYL8NU5FS;GU85HKX66NVFNQ9Y,G8X362NHQ64MH5SY;GU85HKX66NVFNQ9Y;GU85HKX66NVFNQ9Y,hi;en;hi,0.3179,True
HI-P04,hi,en,partial,GP57SKQ7CB5DRS6F,GP57SKQ7CB5DRS6F;GU85HKX66NVFNQ9Y;GU85HKX66NVFNQ9Y,en;en;en,0.2716,True
HI-P04,hi,hi,partial,GP57SKQ7CB5DRS6F,GP57SKQ7CB5DRS6F;GU85HKX66NVFNQ9Y;G202095500,hi;hi;hi,0.2796,True
HI-P04,hi,both,partial,GP57SKQ7CB5DRS6F,GP57SKQ7CB5DRS6F;GP57SKQ7CB5DRS6F;GU85HKX66NVFNQ9Y,hi;en;en,0.2796,True
HI-D01,hi,en,yes,ThlENNbZ5gxXv9QGjr,ThlENNbZ5gxXv9QGjr;GU85HKX66NVFNQ9Y;GLXEVNQYW2WHZ6JP,en;en;en,0.2091,True
HI-D01,hi,hi,yes,ThlENNbZ5gxXv9QGjr,ThlENNbZ5gxXv9QGjr;GL8WMKLCYL8NU5FS;T0C8C83ChMx3i0D5jV,hi;hi;hi,0.2643,True
HI-D01,hi,both,yes,ThlENNbZ5gxXv9QGjr,ThlENNbZ5gxXv9QGjr;GL8WMKLCYL8NU5FS;T0C8C83ChMx3i0D5jV,hi;hi;hi,0.2643,True
HI-D02,hi,en,partial,GQDJBTL3CFLLKPBV,GQDJBTL3CFLLKPBV;G202095500;G202095500,en;en;en,0.3654,True
HI-D02,hi,hi,partial,GQDJBTL3CFLLKPBV,G202095500;G202095500;G202095500,hi;hi;hi,0.4337,False
HI-D02,hi,both,partial,GQDJBTL3CFLLKPBV,G202095500;G202095500;G202095500,hi;hi;hi,0.4337,False
HI-D03,hi,en,yes,GQHPEUU6QMLL7CU9,GQHPEUU6QMLL7CU9;G2LNVKHJN98SBHQ4;G3BQ95AL4WZLV9ZG,en;en;en,0.3961,True
HI-D03,hi,hi,yes,GQHPEUU6QMLL7CU9,GQHPEUU6QMLL7CU9;G2LNVKHJN98SBHQ4;GU85HKX66NVFNQ9Y,hi;hi;hi,0.4051,True
HI-D03,hi,both,yes,GQHPEUU6QMLL7CU9,GQHPEUU6QMLL7CU9;GQHPEUU6QMLL7CU9;G2LNVKHJN98SBHQ4,hi;en;hi,0.4051,True
HI-DL01,hi,en,partial,G202095500,G202095500;G202095500;G202095500,en;en;en,0.4794,True
HI-DL01,hi,hi,partial,G202095500,G202095500;G202095500;G202095500,hi;hi;hi,0.4404,True
HI-DL01,hi,both,partial,G202095500,G202095500;G202095500;G202095500,en;hi;en,0.4794,True
HI-DL02,hi,en,yes,G202095500,G202095500;G202095500;G202095500,en;en;en,0.2787,True
HI-DL02,hi,hi,yes,G202095500,G202095500;G202095500;G202095500,hi;hi;hi,0.3077,True
HI-DL02,hi,both,yes,G202095500,G202095500;G202095500;G202095500,hi;hi;en,0.3077,True
HI-DL03,hi,en,yes,GMF637NHNEF9D8GT,GMF637NHNEF9D8GT;GQDJBTL3CFLLKPBV;G202095500,en;en;en,0.3159,True
HI-DL03,hi,hi,yes,GMF637NHNEF9D8GT,GJ2P83PMNC54XKV9;G202095500;G202095500,hi;hi;hi,0.3428,False
HI-DL03,hi,both,yes,GMF637NHNEF9D8GT,GJ2P83PMNC54XKV9;GMF637NHNEF9D8GT;G202095500,hi;en;hi,0.3428,True
HI-C01,hi,en,yes,G3BQ95AL4WZLV9ZG,G3BQ95AL4WZLV9ZG;GSUW4Y2CS69S8ZYD;GENY3HHV8GU34P3K,en;en;en,0.182,True
HI-C01,hi,hi,yes,G3BQ95AL4WZLV9ZG,G3BQ95AL4WZLV9ZG;GZS9UJHDL6F8UVB3;GU85HKX66NVFNQ9Y,hi;hi;hi,0.3523,True
HI-C01,hi,both,yes,G3BQ95AL4WZLV9ZG,G3BQ95AL4WZLV9ZG;GZS9UJHDL6F8UVB3;G3BQ95AL4WZLV9ZG,hi;hi;en,0.3523,True
HI-C02,hi,en,no,,TtmpPpt4SHTjHQsAEX;TtmpPpt4SHTjHQsAEX;TtmpPpt4SHTjHQsAEX,en;en;en,0.1664,
HI-C02,hi,hi,no,,GZS9UJHDL6F8UVB3;TtmpPpt4SHTjHQsAEX;G8P3YMHU34R3XX4N,hi;hi;hi,0.2379,
HI-C02,hi,both,no,,GZS9UJHDL6F8UVB3;TtmpPpt4SHTjHQsAEX;G8P3YMHU34R3XX4N,hi;hi;hi,0.2379,
HI-PC01,hi,en,yes,G26NRYUT8ATMMZRB;G5VD9FKYCXW8RDK9;GLXEVNQYW2WHZ6JP;GW6A4BDCD47N99YU,G26NRYUT8ATMMZRB;GLXEVNQYW2WHZ6JP;GW6A4BDCD47N99YU,en;en;en,0.3928,True
HI-PC01,hi,hi,yes,G26NRYUT8ATMMZRB;G5VD9FKYCXW8RDK9;GLXEVNQYW2WHZ6JP;GW6A4BDCD47N99YU,G26NRYUT8ATMMZRB;GLXEVNQYW2WHZ6JP;GLXEVNQYW2WHZ6JP,hi;hi;hi,0.2963,True
HI-PC01,hi,both,yes,G26NRYUT8ATMMZRB;G5VD9FKYCXW8RDK9;GLXEVNQYW2WHZ6JP;GW6A4BDCD47N99YU,G26NRYUT8ATMMZRB;GLXEVNQYW2WHZ6JP;G26NRYUT8ATMMZRB,en;en;hi,0.3928,True
HI-PC02,hi,en,yes,G36R57HJZELY4ZV4;G5K5H8YYNEXNYEXH;G7YSAVDEETUWU27Q;GD8VJD2EDJ2GSNEC;GYKZXYTPAKNP7UU4,G7YSAVDEETUWU27Q;GYKZXYTPAKNP7UU4;G5K5H8YYNEXNYEXH,en;en;en,0.2542,True
HI-PC02,hi,hi,yes,G36R57HJZELY4ZV4;G5K5H8YYNEXNYEXH;G7YSAVDEETUWU27Q;GD8VJD2EDJ2GSNEC;GYKZXYTPAKNP7UU4,G5K5H8YYNEXNYEXH;GD8VJD2EDJ2GSNEC;GD8VJD2EDJ2GSNEC,hi;hi;hi,0.3617,True
HI-PC02,hi,both,yes,G36R57HJZELY4ZV4;G5K5H8YYNEXNYEXH;G7YSAVDEETUWU27Q;GD8VJD2EDJ2GSNEC;GYKZXYTPAKNP7UU4,G5K5H8YYNEXNYEXH;GD8VJD2EDJ2GSNEC;GD8VJD2EDJ2GSNEC,hi;hi;hi,0.3617,True
HI-A01,hi,en,partial,GDCTD7L6N6R96WVK;GQDJBTL3CFLLKPBV,GU85HKX66NVFNQ9Y;GDCTD7L6N6R96WVK;GU85HKX66NVFNQ9Y,en;en;en,0.4021,True
HI-A01,hi,hi,partial,GDCTD7L6N6R96WVK;GQDJBTL3CFLLKPBV,GDCTD7L6N6R96WVK;GU85HKX66NVFNQ9Y;GA4PSHZYE4VADLYL,hi;hi;hi,0.4822,True
HI-A01,hi,both,partial,GDCTD7L6N6R96WVK;GQDJBTL3CFLLKPBV,GDCTD7L6N6R96WVK;GU85HKX66NVFNQ9Y;GA4PSHZYE4VADLYL,hi;hi;hi,0.4822,True
HI-A02,hi,en,yes,GJ2P83PMNC54XKV9,GJ2P83PMNC54XKV9;G202095500;G202095500,en;en;en,0.2828,True
HI-A02,hi,hi,yes,GJ2P83PMNC54XKV9,GJ2P83PMNC54XKV9;G202095500;G202095500,hi;hi;hi,0.2727,True
HI-A02,hi,both,yes,GJ2P83PMNC54XKV9,GJ2P83PMNC54XKV9;GJ2P83PMNC54XKV9;G202095500,en;hi;hi,0.2828,True
HI-U01,hi,en,no,,GU85HKX66NVFNQ9Y;ThlENNbZ5gxXv9QGjr;G5VD9FKYCXW8RDK9,en;en;en,0.1872,
HI-U01,hi,hi,no,,GU85HKX66NVFNQ9Y;ThlENNbZ5gxXv9QGjr;G5VD9FKYCXW8RDK9,hi;hi;hi,0.2535,
HI-U01,hi,both,no,,GU85HKX66NVFNQ9Y;ThlENNbZ5gxXv9QGjr;G5VD9FKYCXW8RDK9,hi;hi;hi,0.2535,
HI-U02,hi,en,no,,GENY3HHV8GU34P3K;G8P3YMHU34R3XX4N;GSUW4Y2CS69S8ZYD,en;en;en,0.1587,
HI-U02,hi,hi,no,,TtmpPpt4SHTjHQsAEX;T0C8C83ChMx3i0D5jV;GSUW4Y2CS69S8ZYD,hi;hi;hi,0.1347,
HI-U02,hi,both,no,,GENY3HHV8GU34P3K;G8P3YMHU34R3XX4N;GSUW4Y2CS69S8ZYD,en;en;en,0.1587,
HI-U03,hi,en,no,,ThlENNbZ5gxXv9QGjr;TtmpPpt4SHTjHQsAEX;ThlENNbZ5gxXv9QGjr,en;en;en,0.1194,
HI-U03,hi,hi,no,,G202095500;G202095500;G202095500,hi;hi;hi,0.1717,
HI-U03,hi,both,no,,G202095500;G202095500;G202095500,hi;hi;hi,0.1717,
HI-U04,hi,en,no,,G202095500;G8DVZYELKS6BAWKS;GQDJBTL3CFLLKPBV,en;en;en,0.2574,
HI-U04,hi,hi,no,,GJ2P83PMNC54XKV9;G46D9B5G2EAGM65W;GMF637NHNEF9D8GT,hi;hi;hi,0.3041,
HI-U04,hi,both,no,,GJ2P83PMNC54XKV9;G46D9B5G2EAGM65W;GMF637NHNEF9D8GT,hi;hi;hi,0.3041,
HI-U06,hi,en,no,,GL8WMKLCYL8NU5FS;GENY3HHV8GU34P3K;GDCTD7L6N6R96WVK,en;en;en,0.1308,
HI-U06,hi,hi,no,,G5VD9FKYCXW8RDK9;T0C8C83ChMx3i0D5jV;GDCTD7L6N6R96WVK,hi;hi;hi,0.2165,
HI-U06,hi,both,no,,G5VD9FKYCXW8RDK9;T0C8C83ChMx3i0D5jV;GDCTD7L6N6R96WVK,hi;hi;hi,0.2165,
HI-U07,hi,en,no,,GU85HKX66NVFNQ9Y;GJ2P83PMNC54XKV9;GU85HKX66NVFNQ9Y,en;en;en,0.1217,
HI-U07,hi,hi,no,,ThlENNbZ5gxXv9QGjr;GGXDYRV4GXTSYGKC;G202095500,hi;hi;hi,0.1556,
HI-U07,hi,both,no,,ThlENNbZ5gxXv9QGjr;GGXDYRV4GXTSYGKC;G202095500,hi;hi;hi,0.1556,
HI-DL04,hi,en,partial,G202095500,G202095500;GMF637NHNEF9D8GT;G202095500,en;en;en,0.184,True
HI-DL04,hi,hi,partial,G202095500,ThlENNbZ5gxXv9QGjr;G202095500;GL8WMKLCYL8NU5FS,hi;hi;hi,0.2018,True
HI-DL04,hi,both,partial,G202095500,ThlENNbZ5gxXv9QGjr;G202095500;GL8WMKLCYL8NU5FS,hi;hi;hi,0.2018,True
HI-U09,hi,en,no,,GGQ38JL9EK3QN6KN;TtmpPpt4SHTjHQsAEX;G202095500,en;en;en,0.3403,
HI-U09,hi,hi,no,,G8P3YMHU34R3XX4N;GGQ38JL9EK3QN6KN;GZS9UJHDL6F8UVB3,hi;hi;hi,0.4232,
HI-U09,hi,both,no,,G8P3YMHU34R3XX4N;GGQ38JL9EK3QN6KN;GZS9UJHDL6F8UVB3,hi;hi;hi,0.4232,
HI-U10,hi,en,no,,G26NRYUT8ATMMZRB;G7YSAVDEETUWU27Q;G5K5H8YYNEXNYEXH,en;en;en,0.2939,
HI-U10,hi,hi,no,,GD8VJD2EDJ2GSNEC;G5K5H8YYNEXNYEXH;GD8VJD2EDJ2GSNEC,hi;hi;hi,0.2965,
HI-U10,hi,both,no,,GD8VJD2EDJ2GSNEC;G26NRYUT8ATMMZRB;G5K5H8YYNEXNYEXH,hi;en;hi,0.2965,
HG-B01,hinglish,en,yes,GENY3HHV8GU34P3K,GENY3HHV8GU34P3K;TtmpPpt4SHTjHQsAEX;GSUW4Y2CS69S8ZYD,en;en;en,0.5135,True
HG-B01,hinglish,hi,yes,GENY3HHV8GU34P3K,G8P3YMHU34R3XX4N;GSUW4Y2CS69S8ZYD;ThlENNbZ5gxXv9QGjr,hi;hi;hi,0.5062,False
HG-B01,hinglish,both,yes,GENY3HHV8GU34P3K,GENY3HHV8GU34P3K;G8P3YMHU34R3XX4N;GSUW4Y2CS69S8ZYD,en;hi;hi,0.5135,True
HG-B05,hinglish,en,yes,TtmpPpt4SHTjHQsAEX,TtmpPpt4SHTjHQsAEX;TtmpPpt4SHTjHQsAEX;TtmpPpt4SHTjHQsAEX,en;en;en,0.5907,True
HG-B05,hinglish,hi,yes,TtmpPpt4SHTjHQsAEX,TtmpPpt4SHTjHQsAEX;G8P3YMHU34R3XX4N;TtmpPpt4SHTjHQsAEX,hi;hi;hi,0.5132,True
HG-B05,hinglish,both,yes,TtmpPpt4SHTjHQsAEX,TtmpPpt4SHTjHQsAEX;TtmpPpt4SHTjHQsAEX;TtmpPpt4SHTjHQsAEX,en;en;en,0.5907,True
HG-P03,hinglish,en,yes,GL8WMKLCYL8NU5FS;GU85HKX66NVFNQ9Y,GU85HKX66NVFNQ9Y;GU85HKX66NVFNQ9Y;GL8WMKLCYL8NU5FS,en;en;en,0.2692,True
HG-P03,hinglish,hi,yes,GL8WMKLCYL8NU5FS;GU85HKX66NVFNQ9Y,GU85HKX66NVFNQ9Y;GP57SKQ7CB5DRS6F;GU85HKX66NVFNQ9Y,hi;hi;hi,0.2701,True
HG-P03,hinglish,both,yes,GL8WMKLCYL8NU5FS;GU85HKX66NVFNQ9Y,GU85HKX66NVFNQ9Y;GU85HKX66NVFNQ9Y;GP57SKQ7CB5DRS6F,hi;en;hi,0.2701,True
HG-D01,hinglish,en,yes,ThlENNbZ5gxXv9QGjr,ThlENNbZ5gxXv9QGjr;ThlENNbZ5gxXv9QGjr;G202095500,en;en;en,0.5418,True
HG-D01,hinglish,hi,yes,ThlENNbZ5gxXv9QGjr,ThlENNbZ5gxXv9QGjr;ThlENNbZ5gxXv9QGjr;G46D9B5G2EAGM65W,hi;hi;hi,0.3119,True
HG-D01,hinglish,both,yes,ThlENNbZ5gxXv9QGjr,ThlENNbZ5gxXv9QGjr;ThlENNbZ5gxXv9QGjr;G202095500,en;en;en,0.5418,True
HG-DL01,hinglish,en,partial,G202095500,GMF637NHNEF9D8GT;G202095500;G202095500,en;en;en,0.2924,True
HG-DL01,hinglish,hi,partial,G202095500,G202095500;G202095500;G202095500,hi;hi;hi,0.2632,True
HG-DL01,hinglish,both,partial,G202095500,GMF637NHNEF9D8GT;G202095500;G202095500,en;hi;hi,0.2924,True
HG-DL02,hinglish,en,yes,G202095500,G202095500;GMF637NHNEF9D8GT;G202095500,en;en;en,0.3443,True
HG-DL02,hinglish,hi,yes,G202095500,G202095500;G202095500;G46D9B5G2EAGM65W,hi;hi;hi,0.2955,True
HG-DL02,hinglish,both,yes,G202095500,G202095500;GMF637NHNEF9D8GT;G202095500,en;en;en,0.3443,True
HG-C01,hinglish,en,yes,G3BQ95AL4WZLV9ZG,G3BQ95AL4WZLV9ZG;GENY3HHV8GU34P3K;GSUW4Y2CS69S8ZYD,en;en;en,0.2933,True
HG-C01,hinglish,hi,yes,G3BQ95AL4WZLV9ZG,G3BQ95AL4WZLV9ZG;ThlENNbZ5gxXv9QGjr;GZS9UJHDL6F8UVB3,hi;hi;hi,0.263,True
HG-C01,hinglish,both,yes,G3BQ95AL4WZLV9ZG,G3BQ95AL4WZLV9ZG;G3BQ95AL4WZLV9ZG;ThlENNbZ5gxXv9QGjr,en;hi;hi,0.2933,True
HG-A01,hinglish,en,partial,GDCTD7L6N6R96WVK;GQDJBTL3CFLLKPBV,GDCTD7L6N6R96WVK;GU85HKX66NVFNQ9Y;GSUW4Y2CS69S8ZYD,en;en;en,0.4534,True
HG-A01,hinglish,hi,partial,GDCTD7L6N6R96WVK;GQDJBTL3CFLLKPBV,GDCTD7L6N6R96WVK;GHXU2LF9RGW8VV68;GU85HKX66NVFNQ9Y,hi;hi;hi,0.4219,True
HG-A01,hinglish,both,partial,GDCTD7L6N6R96WVK;GQDJBTL3CFLLKPBV,GDCTD7L6N6R96WVK;GDCTD7L6N6R96WVK;GHXU2LF9RGW8VV68,en;hi;hi,0.4534,True
HG-U02,hinglish,en,no,,GENY3HHV8GU34P3K;GSUW4Y2CS69S8ZYD;ThlENNbZ5gxXv9QGjr,en;en;en,0.1777,
HG-U02,hinglish,hi,no,,T0C8C83ChMx3i0D5jV;ThlENNbZ5gxXv9QGjr;GSUW4Y2CS69S8ZYD,hi;hi;hi,0.1766,
HG-U02,hinglish,both,no,,GENY3HHV8GU34P3K;T0C8C83ChMx3i0D5jV;ThlENNbZ5gxXv9QGjr,en;hi;hi,0.1777,
HG-U07,hinglish,en,no,,GP57SKQ7CB5DRS6F;GU85HKX66NVFNQ9Y;ThlENNbZ5gxXv9QGjr,en;en;en,0.1207,
HG-U07,hinglish,hi,no,,ThlENNbZ5gxXv9QGjr;GP57SKQ7CB5DRS6F;GU85HKX66NVFNQ9Y,hi;hi;hi,0.1262,
HG-U07,hinglish,both,no,,ThlENNbZ5gxXv9QGjr;GP57SKQ7CB5DRS6F;GU85HKX66NVFNQ9Y,hi;en;en,0.1262,
