model,question_language,articles_searched,answers,full_marks,partial_marks,zero,full_marks_pct,made_up,wrong_language_or_script,unanswerable_declined,partial_gap_flagged,median_response_ms,cost_per_1000_questions_usd,language_quality_scored,language_quality_mean_0_2,language_quality_twos
haiku-4.5,en,en,30,24,6,0,80,4,1,9/9,3/5,1744,1.89,0,,
haiku-4.5,hi,en,30,25,5,0,83,2,0,9/9,2/5,2262,2.64,6,1.83,5
haiku-4.5,hi,hi,30,20,8,2,67,2,0,9/9,2/5,2344,3.9,6,1.67,4
haiku-4.5,hi,both,30,20,8,2,67,3,0,9/9,1/5,2242,3.45,10,1.8,8
haiku-4.5,hinglish,en,10,7,3,0,70,1,1,2/2,1/2,3098,2.3,1,1.0,0
haiku-4.5,hinglish,hi,10,6,2,2,60,2,8,2/2,2/2,2810,3.97,4,1.0,0
haiku-4.5,hinglish,both,10,8,2,0,80,0,6,2/2,2/2,2200,2.91,3,1.33,1
llama4-maverick,en,en,30,25,4,1,83,1,0,8/9,2/5,552,0.29,0,,
llama4-maverick,hi,en,30,26,4,0,87,1,0,9/9,2/5,730,0.33,7,1.43,3
llama4-maverick,hi,hi,30,18,12,0,60,2,0,9/9,1/5,644,0.36,8,1.12,2
llama4-maverick,hi,both,30,22,7,1,73,1,0,9/9,1/5,594,0.33,7,1.29,2
llama4-maverick,hinglish,en,10,7,3,0,70,1,0,2/2,1/2,1082,0.34,3,2.0,3
llama4-maverick,hinglish,hi,10,5,4,1,50,0,2,2/2,1/2,784,0.4,3,1.33,1
llama4-maverick,hinglish,both,10,6,4,0,60,1,3,2/2,2/2,784,0.35,2,1.0,1
nova2-lite,en,en,30,24,5,1,80,4,11,8/9,0/5,1167,0.78,0,,
nova2-lite,hi,en,30,21,7,2,70,3,0,7/9,0/5,1304,0.86,13,1.46,7
nova2-lite,hi,hi,30,19,7,4,63,7,0,8/9,1/5,1332,0.88,6,1.17,2
nova2-lite,hi,both,30,20,6,4,67,6,0,8/9,0/5,1256,0.86,3,1.67,2
nova2-lite,hinglish,en,10,8,2,0,80,0,4,2/2,1/2,1510,0.86,3,1.67,2
nova2-lite,hinglish,hi,10,5,3,2,50,2,10,2/2,1/2,1430,0.95,1,1.0,0
nova2-lite,hinglish,both,10,7,3,0,70,0,8,2/2,0/2,1252,0.9,4,0.75,0
